"respid","freq","female","age","inc","color","veh","worker","time","company","access","av_drive","av_pool","av_pickup","av_taxi","av_transit","av_bike","av_walk","age_18_24","age_25_34","age_35_44","age_45_54","age_55_64","age_65","inc_under30k","inc_30k_75k","inc_75k_100k","inc_over100k","time_mor_eve","time_once","time_weekend","freq_month","freq_week","freq_24days","freq_57days"
10834535004,1,1,4,2,0,1,2,4,1,1,1,1,1,0,1,1,1,0,0,0,0,1,0,0,0,1,0,0,0,1,1,0,0,0
10831795934,2,0,0,2,1,1,1,3,0,6,1,1,1,0,0,0,1,1,0,0,0,0,0,0,0,1,0,0,1,0,0,1,0,0
10831791013,1,0,5,3,0,2,0,2,1,1,1,1,1,1,1,1,1,0,0,0,0,0,1,0,0,0,1,0,1,0,1,0,0,0
10831657488,1,1,4,2,0,2,1,4,1,0,1,1,1,0,0,0,0,0,0,0,0,1,0,0,0,1,0,0,0,1,1,0,0,0
10831474079,1,1,0,1,1,0,1,2,0,6,0,0,0,1,1,1,1,1,0,0,0,0,0,0,1,0,0,0,1,0,1,0,0,0
10831185488,4,1,1,1,0,1,2,0,0,2,1,1,1,0,1,1,1,0,1,0,0,0,0,0,1,0,0,1,0,0,0,0,0,1
10831110953,3,1,3,2,1,1,1,4,0,0,1,1,1,0,1,1,1,0,0,0,1,0,0,0,0,1,0,0,0,1,0,0,1,0
10831106559,2,1,1,0,0,2,3,0,0,0,1,1,1,1,1,1,1,0,1,0,0,0,0,1,0,0,0,1,0,0,0,1,0,0
10830469709,1,1,4,1,0,3,1,4,1,2,1,1,1,0,1,1,1,0,0,0,0,1,0,0,1,0,0,0,0,1,1,0,0,0
10830443592,1,0,3,3,0,2,2,1,0,5,1,1,1,0,1,1,1,0,0,0,1,0,0,0,0,0,1,0,1,0,1,0,0,0
10830359418,1,1,3,3,0,3,2,4,1,2,1,1,1,0,1,1,1,0,0,0,1,0,0,0,0,0,1,0,0,1,1,0,0,0
10830316013,1,1,2,1,1,1,4,2,0,2,1,1,1,1,1,1,1,0,0,1,0,0,0,0,1,0,0,0,1,0,1,0,0,0
10830164347,1,1,4,1,0,2,0,0,0,2,1,1,1,1,1,1,1,0,0,0,0,1,0,0,1,0,0,1,0,0,1,0,0,0
10830078563,4,0,1,1,0,3,2,0,0,0,1,1,1,1,1,1,1,0,1,0,0,0,0,0,1,0,0,1,0,0,0,0,0,1
10830046324,1,1,2,2,0,2,2,4,1,2,1,1,1,1,1,1,1,0,0,1,0,0,0,0,0,1,0,0,0,1,1,0,0,0
10830038386,1,1,4,3,0,2,4,0,0,5,1,1,1,1,1,1,1,0,0,0,0,1,0,0,0,0,1,1,0,0,1,0,0,0
10830004684,1,0,0,1,1,0,1,4,0,3,0,0,0,1,1,1,1,1,0,0,0,0,0,0,1,0,0,0,0,1,1,0,0,0
10829978643,2,0,2,0,0,0,1,2,0,4,0,0,0,0,1,1,1,0,0,1,0,0,0,1,0,0,0,0,1,0,0,1,0,0
10829902092,1,0,1,1,0,1,2,0,1,2,1,1,1,1,1,1,1,0,1,0,0,0,0,0,1,0,0,1,0,0,1,0,0,0
10829852511,1,0,5,3,0,2,0,0,1,3,1,1,1,1,1,1,1,0,0,0,0,0,1,0,0,0,1,1,0,0,1,0,0,0
10828220099,1,0,2,3,0,2,2,0,0,0,1,1,1,1,1,1,1,0,0,1,0,0,0,0,0,0,1,1,0,0,1,0,0,0
10827862426,1,0,5,3,0,1,0,0,1,1,1,1,1,1,1,1,1,0,0,0,0,0,1,0,0,0,1,1,0,0,1,0,0,0
10827691428,4,0,1,1,0,0,1,0,1,6,0,0,0,0,1,1,1,0,1,0,0,0,0,0,1,0,0,1,0,0,0,0,0,1
10827458423,3,0,3,3,0,2,2,0,0,0,1,1,1,1,1,1,1,0,0,0,1,0,0,0,0,0,1,1,0,0,0,0,1,0
10827176532,1,1,4,3,0,1,1,0,0,2,1,1,1,1,1,1,1,0,0,0,0,1,0,0,0,0,1,1,0,0,1,0,0,0
10827134896,1,1,4,2,0,2,2,0,1,1,1,1,1,1,1,1,1,0,0,0,0,1,0,0,0,1,0,1,0,0,1,0,0,0
10826711110,1,1,5,1,0,1,0,0,1,2,1,1,1,1,1,1,1,0,0,0,0,0,1,0,1,0,0,1,0,0,1,0,0,0
10826675710,1,1,4,3,0,3,2,0,1,2,1,1,1,1,1,1,1,0,0,0,0,1,0,0,0,0,1,1,0,0,1,0,0,0
10825920525,3,0,1,3,0,2,2,0,1,5,1,1,1,0,1,1,1,0,1,0,0,0,0,0,0,0,1,1,0,0,0,0,1,0
10825880946,1,1,0,1,0,1,1,0,0,5,1,1,1,0,1,1,1,1,0,0,0,0,0,0,1,0,0,1,0,0,1,0,0,0
10825856277,1,1,2,3,0,2,2,0,1,0,1,1,1,0,1,1,1,0,0,1,0,0,0,0,0,0,1,1,0,0,1,0,0,0
10825540518,1,1,1,3,0,1,2,0,0,5,1,1,1,1,1,1,1,0,1,0,0,0,0,0,0,0,1,1,0,0,1,0,0,0
10825296423,3,1,4,2,0,2,2,0,0,5,1,1,1,1,1,1,1,0,0,0,0,1,0,0,0,1,0,1,0,0,0,0,1,0
10825095317,1,0,5,3,0,1,0,0,1,1,1,1,1,1,1,1,1,0,0,0,0,0,1,0,0,0,1,1,0,0,1,0,0,0
10824783982,2,1,1,3,0,1,2,0,0,5,1,1,1,0,1,1,1,0,1,0,0,0,0,0,0,0,1,1,0,0,0,1,0,0
10824741224,1,1,2,2,0,1,2,3,0,2,1,1,1,0,1,1,1,0,0,1,0,0,0,0,0,1,0,0,1,0,1,0,0,0
10824514855,1,0,3,3,0,3,2,4,1,5,1,1,1,1,1,1,1,0,0,0,1,0,0,0,0,0,1,0,0,1,1,0,0,0
10824356563,1,1,2,2,0,2,2,0,1,2,1,1,1,1,1,1,1,0,0,1,0,0,0,0,0,1,0,1,0,0,1,0,0,0
10824085616,4,0,2,3,0,1,2,3,0,5,1,1,1,0,1,1,1,0,0,1,0,0,0,0,0,0,1,0,1,0,0,0,0,1
10823830705,1,0,5,0,0,1,0,2,1,1,1,1,1,0,1,1,1,0,0,0,0,0,1,1,0,0,0,0,1,0,1,0,0,0
10823378482,1,1,5,1,0,1,0,2,1,0,1,1,1,1,1,1,1,0,0,0,0,0,1,0,1,0,0,0,1,0,1,0,0,0
10823294449,1,0,4,3,0,2,2,0,0,2,1,1,1,1,1,1,1,0,0,0,0,1,0,0,0,0,1,1,0,0,1,0,0,0
10823260198,1,1,4,3,0,2,1,0,1,1,1,1,1,1,1,1,1,0,0,0,0,1,0,0,0,0,1,1,0,0,1,0,0,0
10823257439,1,1,1,2,0,2,2,4,1,1,1,1,1,0,0,0,0,0,1,0,0,0,0,0,0,1,0,0,0,1,1,0,0,0
10823253964,1,1,4,3,0,4,3,2,1,1,1,1,1,1,1,1,1,0,0,0,0,1,0,0,0,0,1,0,1,0,1,0,0,0
10823104133,2,0,3,3,0,2,2,0,0,0,1,1,1,1,1,1,1,0,0,0,1,0,0,0,0,0,1,1,0,0,0,1,0,0
10823050134,1,1,5,1,0,1,0,1,0,0,1,1,1,1,1,1,1,0,0,0,0,0,1,0,1,0,0,0,1,0,1,0,0,0
10822969776,2,0,5,3,0,2,1,0,0,2,1,1,1,1,1,1,1,0,0,0,0,0,1,0,0,0,1,1,0,0,0,1,0,0
10822916667,2,0,4,3,0,2,2,0,0,2,1,1,1,1,1,1,1,0,0,0,0,1,0,0,0,0,1,1,0,0,0,1,0,0
10822769325,1,0,3,1,0,1,1,2,1,6,1,1,1,1,1,1,1,0,0,0,1,0,0,0,1,0,0,0,1,0,1,0,0,0
10822757027,1,0,4,2,0,2,3,4,0,2,1,1,1,1,1,1,1,0,0,0,0,1,0,0,0,1,0,0,0,1,1,0,0,0
10822744806,1,1,5,3,0,1,0,0,1,1,1,1,1,1,1,1,1,0,0,0,0,0,1,0,0,0,1,1,0,0,1,0,0,0
10822739791,1,0,4,3,0,2,2,4,1,6,1,1,1,1,1,1,1,0,0,0,0,1,0,0,0,0,1,0,0,1,1,0,0,0
10822738869,1,1,5,2,0,1,0,0,0,0,1,1,1,1,1,1,1,0,0,0,0,0,1,0,0,1,0,1,0,0,1,0,0,0
10822719977,1,1,1,0,0,0,1,0,0,3,0,0,0,1,1,1,1,0,1,0,0,0,0,1,0,0,0,1,0,0,1,0,0,0
10822719883,4,0,4,3,0,3,3,0,0,5,1,1,1,1,1,1,1,0,0,0,0,1,0,0,0,0,1,1,0,0,0,0,0,1
10822708576,2,1,5,1,0,1,0,2,1,2,1,1,1,1,1,1,1,0,0,0,0,0,1,0,1,0,0,0,1,0,0,1,0,0
10822688627,1,1,5,3,0,2,1,0,0,6,1,1,1,1,1,1,1,0,0,0,0,0,1,0,0,0,1,1,0,0,1,0,0,0
10822676002,1,1,1,1,0,0,1,2,1,2,0,0,1,0,1,1,1,0,1,0,0,0,0,0,1,0,0,0,1,0,1,0,0,0
10822671356,1,0,4,3,0,3,1,0,1,1,1,1,1,1,1,1,1,0,0,0,0,1,0,0,0,0,1,1,0,0,1,0,0,0
10822491612,2,1,5,2,0,2,2,2,0,5,1,1,1,1,1,1,1,0,0,0,0,0,1,0,0,1,0,0,1,0,0,1,0,0
10822484878,1,1,3,3,0,2,2,4,1,1,1,1,1,0,1,1,1,0,0,0,1,0,0,0,0,0,1,0,0,1,1,0,0,0
10822434440,1,1,5,1,0,1,0,2,1,0,1,1,1,1,1,1,1,0,0,0,0,0,1,0,1,0,0,0,1,0,1,0,0,0
10822402559,1,0,1,3,0,1,2,4,1,1,1,1,1,1,1,1,1,0,1,0,0,0,0,0,0,0,1,0,0,1,1,0,0,0
10822345008,1,0,5,1,0,2,0,2,1,6,1,1,1,1,1,1,1,0,0,0,0,0,1,0,1,0,0,0,1,0,1,0,0,0
10822338742,1,0,2,0,0,0,1,0,0,2,0,0,1,0,1,1,1,0,0,1,0,0,0,1,0,0,0,1,0,0,1,0,0,0
10822315861,1,1,5,3,0,1,0,0,1,2,1,1,1,1,1,1,1,0,0,0,0,0,1,0,0,0,1,1,0,0,1,0,0,0
10822280853,3,0,2,3,0,2,2,0,1,2,1,1,1,1,1,1,1,0,0,1,0,0,0,0,0,0,1,1,0,0,0,0,1,0
10822276174,2,1,1,3,1,2,2,0,0,0,1,1,1,1,1,1,1,0,1,0,0,0,0,0,0,0,1,1,0,0,0,1,0,0
10822275010,1,1,5,3,0,3,1,0,1,1,1,1,1,1,1,1,1,0,0,0,0,0,1,0,0,0,1,1,0,0,1,0,0,0
10822241531,4,1,1,3,0,2,2,0,1,1,1,1,1,1,1,1,1,0,1,0,0,0,0,0,0,0,1,1,0,0,0,0,0,1
10822155854,1,1,5,2,0,2,1,4,1,2,1,1,1,1,1,1,1,0,0,0,0,0,1,0,0,1,0,0,0,1,1,0,0,0
10822155517,2,0,5,2,0,1,2,4,0,6,1,1,1,1,1,1,1,0,0,0,0,0,1,0,0,1,0,0,0,1,0,1,0,0
10822144984,1,1,1,3,0,3,3,3,1,0,1,1,1,0,1,1,1,0,1,0,0,0,0,0,0,0,1,0,1,0,1,0,0,0
10822106496,1,0,2,3,0,2,2,0,1,0,1,1,1,1,1,1,1,0,0,1,0,0,0,0,0,0,1,1,0,0,1,0,0,0
10822083172,1,0,5,3,0,2,0,0,1,1,1,1,1,0,1,1,1,0,0,0,0,0,1,0,0,0,1,1,0,0,1,0,0,0
10822075716,1,0,4,2,0,1,2,4,1,5,1,1,1,0,1,1,0,0,0,0,0,1,0,0,0,1,0,0,0,1,1,0,0,0
10822068040,1,0,1,1,0,2,2,3,0,0,1,1,1,1,1,1,1,0,1,0,0,0,0,0,1,0,0,0,1,0,1,0,0,0
10822056141,1,0,3,3,0,3,3,0,1,1,1,1,1,1,1,1,1,0,0,0,1,0,0,0,0,0,1,1,0,0,1,0,0,0
10822038250,1,0,1,3,1,2,4,0,0,5,1,1,1,0,1,1,1,0,1,0,0,0,0,0,0,0,1,1,0,0,1,0,0,0
10822016018,1,1,3,1,0,4,2,4,1,5,1,1,1,1,1,1,1,0,0,0,1,0,0,0,1,0,0,0,0,1,1,0,0,0
10821984688,1,0,0,0,1,2,2,4,0,5,1,1,1,1,1,1,1,1,0,0,0,0,0,1,0,0,0,0,0,1,1,0,0,0
10821983537,1,0,4,3,0,2,3,0,0,2,1,1,1,0,1,1,1,0,0,0,0,1,0,0,0,0,1,1,0,0,1,0,0,0
10821971357,1,1,3,3,1,2,2,0,1,1,1,1,1,0,1,1,1,0,0,0,1,0,0,0,0,0,1,1,0,0,1,0,0,0
10821647661,2,1,3,3,0,2,2,2,1,1,1,1,1,0,0,0,0,0,0,0,1,0,0,0,0,0,1,0,1,0,0,1,0,0
10821290687,1,1,1,3,0,2,2,3,1,1,1,1,1,1,1,1,1,0,1,0,0,0,0,0,0,0,1,0,1,0,1,0,0,0
10820606703,1,1,2,1,0,0,1,2,1,2,0,0,1,0,1,1,1,0,0,1,0,0,0,0,1,0,0,0,1,0,1,0,0,0
10820593771,1,1,1,1,0,2,1,2,1,6,1,1,1,1,1,1,1,0,1,0,0,0,0,0,1,0,0,0,1,0,1,0,0,0
10820541180,1,1,3,3,0,4,3,3,1,5,1,1,1,1,1,1,1,0,0,0,1,0,0,0,0,0,1,0,1,0,1,0,0,0
10820510531,1,1,1,0,1,3,2,0,0,5,1,1,1,1,1,1,1,0,1,0,0,0,0,1,0,0,0,1,0,0,1,0,0,0
10820496763,2,0,3,0,1,2,3,2,0,6,1,1,1,0,1,1,1,0,0,0,1,0,0,1,0,0,0,0,1,0,0,1,0,0
10820418524,1,1,4,3,0,3,2,0,0,5,1,1,1,0,1,1,1,0,0,0,0,1,0,0,0,0,1,1,0,0,1,0,0,0
10820266813,1,1,1,3,0,3,2,4,0,2,1,1,1,0,1,1,1,0,1,0,0,0,0,0,0,0,1,0,0,1,1,0,0,0
10820133450,3,1,4,3,0,2,1,2,1,0,1,1,1,1,1,1,1,0,0,0,0,1,0,0,0,0,1,0,1,0,0,0,1,0
10820051674,1,1,3,3,0,2,2,0,1,0,1,1,1,1,1,1,1,0,0,0,1,0,0,0,0,0,1,1,0,0,1,0,0,0
10820031883,1,0,2,1,0,0,2,2,1,6,0,0,0,1,1,1,1,0,0,1,0,0,0,0,1,0,0,0,1,0,1,0,0,0
10820006687,1,1,2,3,0,2,2,2,1,3,1,1,1,1,1,1,1,0,0,1,0,0,0,0,0,0,1,0,1,0,1,0,0,0
10819140145,3,1,1,1,0,0,1,3,0,6,0,0,0,0,0,0,1,0,1,0,0,0,0,0,1,0,0,0,1,0,0,0,1,0
10818943026,3,0,4,3,0,2,2,0,0,5,1,1,1,1,1,1,1,0,0,0,0,1,0,0,0,0,1,1,0,0,0,0,1,0
10817896994,2,1,4,3,0,2,2,4,0,0,1,1,1,1,1,1,1,0,0,0,0,1,0,0,0,0,1,0,0,1,0,1,0,0
10817685349,3,1,2,3,0,2,3,0,1,0,1,1,1,1,1,1,1,0,0,1,0,0,0,0,0,0,1,1,0,0,0,0,1,0
10817635283,3,1,5,2,0,1,2,0,0,5,1,1,1,1,1,1,1,0,0,0,0,0,1,0,0,1,0,1,0,0,0,0,1,0
10816350133,4,0,3,3,0,0,1,0,0,5,0,0,0,1,1,1,1,0,0,0,1,0,0,0,0,0,1,1,0,0,0,0,0,1
10815293979,1,1,3,3,0,3,3,0,1,2,1,1,1,0,1,1,1,0,0,0,1,0,0,0,0,0,1,1,0,0,1,0,0,0
10815267059,1,0,2,3,1,2,2,1,1,5,1,1,1,0,1,1,1,0,0,1,0,0,0,0,0,0,1,0,1,0,1,0,0,0
10815129659,1,1,4,3,0,2,2,0,1,1,1,1,1,0,1,1,1,0,0,0,0,1,0,0,0,0,1,1,0,0,1,0,0,0
10815043315,1,0,1,1,0,3,4,2,0,3,1,1,1,1,1,1,1,0,1,0,0,0,0,0,1,0,0,0,1,0,1,0,0,0
10814295867,1,1,3,3,0,1,2,0,1,5,1,1,1,1,1,1,1,0,0,0,1,0,0,0,0,0,1,1,0,0,1,0,0,0
10814284133,1,0,0,1,0,2,2,2,0,6,1,1,1,0,0,0,1,1,0,0,0,0,0,0,1,0,0,0,1,0,1,0,0,0
10814008070,3,1,2,2,0,0,1,0,0,5,0,0,0,0,1,1,1,0,0,1,0,0,0,0,0,1,0,1,0,0,0,0,1,0
10813971866,1,1,1,1,0,0,1,4,1,3,0,0,0,1,1,1,1,0,1,0,0,0,0,0,1,0,0,0,0,1,1,0,0,0
10813465336,1,1,1,1,0,1,1,0,1,1,1,1,1,1,1,1,1,0,1,0,0,0,0,0,1,0,0,1,0,0,1,0,0,0
10812691137,2,1,3,3,0,2,2,3,1,6,1,1,1,1,1,1,1,0,0,0,1,0,0,0,0,0,1,0,1,0,0,1,0,0
10812413929,1,1,1,1,0,1,2,0,0,6,1,1,1,1,1,1,1,0,1,0,0,0,0,0,1,0,0,1,0,0,1,0,0,0
10812368921,1,0,0,0,0,1,1,0,1,6,1,1,1,1,1,1,1,1,0,0,0,0,0,1,0,0,0,1,0,0,1,0,0,0
10812102221,1,1,0,0,0,1,1,3,0,5,1,1,1,1,1,1,1,1,0,0,0,0,0,1,0,0,0,0,1,0,1,0,0,0
10811975497,1,1,3,3,0,2,2,3,1,1,1,1,1,1,1,1,1,0,0,0,1,0,0,0,0,0,1,0,1,0,1,0,0,0
10811734202,2,0,1,3,1,2,2,0,0,0,1,1,1,1,1,1,1,0,1,0,0,0,0,0,0,0,1,1,0,0,0,1,0,0
10809943734,2,0,2,3,0,1,2,0,1,5,1,1,1,1,1,1,1,0,0,1,0,0,0,0,0,0,1,1,0,0,0,1,0,0
10809412301,3,0,2,3,0,2,2,0,0,5,1,1,1,0,1,1,1,0,0,1,0,0,0,0,0,0,1,1,0,0,0,0,1,0
10808907394,2,1,2,3,0,2,2,1,1,1,1,1,1,0,1,1,1,0,0,1,0,0,0,0,0,0,1,0,1,0,0,1,0,0
10808811213,1,0,5,3,1,2,1,0,0,0,1,1,1,0,1,1,1,0,0,0,0,0,1,0,0,0,1,1,0,0,1,0,0,0
10807827979,3,0,4,3,0,1,1,0,0,6,1,1,1,1,1,1,1,0,0,0,0,1,0,0,0,0,1,1,0,0,0,0,1,0
10805813954,4,1,2,3,1,1,1,0,0,0,1,1,1,0,1,1,1,0,0,1,0,0,0,0,0,0,1,1,0,0,0,0,0,1
10805331323,1,0,4,2,0,2,2,0,0,4,1,1,1,1,1,1,1,0,0,0,0,1,0,0,0,1,0,1,0,0,1,0,0,0
10805188984,1,1,0,1,1,1,1,0,1,1,1,1,1,0,1,1,1,1,0,0,0,0,0,0,1,0,0,1,0,0,1,0,0,0
10802659445,1,1,4,3,0,1,0,0,1,6,1,1,1,1,1,1,1,0,0,0,0,1,0,0,0,0,1,1,0,0,1,0,0,0
10802252504,3,0,4,2,0,4,3,0,0,5,1,1,1,0,1,1,1,0,0,0,0,1,0,0,0,1,0,1,0,0,0,0,1,0
10801434266,1,1,3,2,0,2,2,4,1,1,1,1,1,0,1,1,1,0,0,0,1,0,0,0,0,1,0,0,0,1,1,0,0,0
10801187218,1,1,4,3,0,2,2,0,0,6,1,1,1,1,1,1,1,0,0,0,0,1,0,0,0,0,1,1,0,0,1,0,0,0
10800836597,1,0,3,3,0,2,2,0,0,6,1,1,1,1,1,1,1,0,0,0,1,0,0,0,0,0,1,1,0,0,1,0,0,0
10800315443,1,0,2,3,0,2,2,4,1,1,1,1,1,1,1,1,1,0,0,1,0,0,0,0,0,0,1,0,0,1,1,0,0,0
10800187398,2,1,2,3,1,2,2,0,0,0,1,1,1,0,1,1,0,0,0,1,0,0,0,0,0,0,1,1,0,0,0,1,0,0
10799486438,3,1,2,3,1,3,1,0,0,2,1,1,1,0,1,1,1,0,0,1,0,0,0,0,0,0,1,1,0,0,0,0,1,0
10799433296,3,1,1,1,0,2,2,0,0,5,1,1,1,0,1,1,1,0,1,0,0,0,0,0,1,0,0,1,0,0,0,0,1,0
10799418002,3,0,2,3,1,2,1,0,0,5,1,1,1,0,1,1,1,0,0,1,0,0,0,0,0,0,1,1,0,0,0,0,1,0
10799385970,1,1,3,1,0,1,1,0,1,5,1,1,1,1,1,1,1,0,0,0,1,0,0,0,1,0,0,1,0,0,1,0,0,0
10799354755,3,1,4,3,1,3,2,0,0,6,1,1,1,0,0,0,1,0,0,0,0,1,0,0,0,0,1,1,0,0,0,0,1,0
10799271006,1,1,0,1,0,4,3,4,0,5,1,1,1,0,1,1,1,1,0,0,0,0,0,0,1,0,0,0,0,1,1,0,0,0
10799145415,1,1,3,2,1,3,1,0,1,1,1,1,1,1,1,1,1,0,0,0,1,0,0,0,0,1,0,1,0,0,1,0,0,0
10799132085,2,1,2,2,0,2,2,2,1,1,1,1,1,0,1,1,1,0,0,1,0,0,0,0,0,1,0,0,1,0,0,1,0,0
10799106583,1,0,0,0,1,0,1,2,0,4,0,0,0,0,1,1,1,1,0,0,0,0,0,1,0,0,0,0,1,0,1,0,0,0
10799099328,2,1,2,3,1,2,2,0,0,0,1,1,1,0,1,1,1,0,0,1,0,0,0,0,0,0,1,1,0,0,0,1,0,0
10799098650,3,0,1,2,1,3,4,0,0,6,1,1,1,1,1,1,1,0,1,0,0,0,0,0,0,1,0,1,0,0,0,0,1,0
10798939908,3,0,2,3,0,1,2,0,0,5,1,1,1,1,1,1,1,0,0,1,0,0,0,0,0,0,1,1,0,0,0,0,1,0
10798904299,3,0,5,2,0,2,0,0,1,5,1,1,1,1,1,1,1,0,0,0,0,0,1,0,0,1,0,1,0,0,0,0,1,0
10798883538,3,1,4,3,0,2,2,0,0,0,1,1,1,0,1,1,1,0,0,0,0,1,0,0,0,0,1,1,0,0,0,0,1,0
10798528234,3,0,1,2,1,3,4,1,0,5,1,1,1,1,1,1,1,0,1,0,0,0,0,0,0,1,0,0,1,0,0,0,1,0
10798458333,1,0,5,3,0,1,0,0,0,2,1,1,1,1,1,1,1,0,0,0,0,0,1,0,0,0,1,1,0,0,1,0,0,0
10798452741,2,1,2,2,0,1,1,4,1,1,1,1,1,0,1,1,1,0,0,1,0,0,0,0,0,1,0,0,0,1,0,1,0,0
10798413530,1,0,5,1,0,2,0,0,1,4,1,1,1,0,1,1,1,0,0,0,0,0,1,0,1,0,0,1,0,0,1,0,0,0
10798362976,2,1,1,3,0,2,2,2,0,6,1,1,1,0,1,1,1,0,1,0,0,0,0,0,0,0,1,0,1,0,0,1,0,0
10798346600,3,1,2,2,1,1,2,0,0,6,1,1,1,0,1,1,1,0,0,1,0,0,0,0,0,1,0,1,0,0,0,0,1,0
10798340769,1,1,1,1,1,1,1,0,1,3,1,1,1,1,1,1,1,0,1,0,0,0,0,0,1,0,0,1,0,0,1,0,0,0
10798310994,1,1,3,2,1,1,1,0,1,2,1,1,1,1,1,1,1,0,0,0,1,0,0,0,0,1,0,1,0,0,1,0,0,0
10798298298,1,1,5,3,0,2,0,1,0,2,1,1,1,1,1,1,1,0,0,0,0,0,1,0,0,0,1,0,1,0,1,0,0,0
10798272296,1,0,0,0,1,1,0,0,0,0,1,1,1,1,1,1,1,1,0,0,0,0,0,1,0,0,0,1,0,0,1,0,0,0
10798227849,4,1,5,2,0,1,1,0,0,0,1,1,1,0,1,1,1,0,0,0,0,0,1,0,0,1,0,1,0,0,0,0,0,1
10798181741,1,0,4,3,0,2,1,2,0,5,1,1,1,0,1,1,1,0,0,0,0,1,0,0,0,0,1,0,1,0,1,0,0,0
10798176447,1,1,4,3,0,2,1,0,1,2,1,1,1,1,1,1,1,0,0,0,0,1,0,0,0,0,1,1,0,0,1,0,0,0
10798175863,1,1,1,3,0,3,3,3,0,2,1,1,1,1,1,1,1,0,1,0,0,0,0,0,0,0,1,0,1,0,1,0,0,0
10798155087,1,0,5,3,0,1,1,0,1,2,1,1,1,1,1,1,1,0,0,0,0,0,1,0,0,0,1,1,0,0,1,0,0,0
10798026966,1,1,4,0,1,1,1,2,1,3,1,1,1,1,1,1,1,0,0,0,0,1,0,1,0,0,0,0,1,0,1,0,0,0
10798019406,1,0,2,2,1,1,3,4,1,3,1,1,1,1,1,1,1,0,0,1,0,0,0,0,0,1,0,0,0,1,1,0,0,0
10798002640,1,1,1,1,0,1,1,0,0,3,1,1,1,1,1,1,1,0,1,0,0,0,0,0,1,0,0,1,0,0,1,0,0,0
10797728637,4,0,4,2,0,3,3,0,0,6,1,1,1,0,1,1,1,0,0,0,0,1,0,0,0,1,0,1,0,0,0,0,0,1
10797251493,1,1,5,3,0,2,0,4,1,1,1,1,1,1,1,1,1,0,0,0,0,0,1,0,0,0,1,0,0,1,1,0,0,0
10797211928,1,1,5,2,0,1,0,2,0,0,1,1,1,0,1,1,1,0,0,0,0,0,1,0,0,1,0,0,1,0,1,0,0,0
10797199444,3,0,2,0,0,1,0,2,1,2,1,1,1,1,1,1,1,0,0,1,0,0,0,1,0,0,0,0,1,0,0,0,1,0
10797179827,1,0,2,3,0,1,2,4,1,6,1,1,1,1,1,1,1,0,0,1,0,0,0,0,0,0,1,0,0,1,1,0,0,0
10797176879,1,1,3,3,0,1,1,0,0,0,1,1,1,1,1,1,1,0,0,0,1,0,0,0,0,0,1,1,0,0,1,0,0,0
10797099629,3,1,4,3,0,1,2,0,0,6,1,1,1,0,1,1,1,0,0,0,0,1,0,0,0,0,1,1,0,0,0,0,1,0
10797082618,1,1,0,0,0,1,1,0,1,3,1,1,1,1,1,1,1,1,0,0,0,0,0,1,0,0,0,1,0,0,1,0,0,0
10797080055,1,1,5,2,0,2,1,0,1,1,1,1,1,0,1,1,1,0,0,0,0,0,1,0,0,1,0,1,0,0,1,0,0,0
10797049867,1,1,4,1,0,1,2,0,0,2,1,1,1,1,1,1,1,0,0,0,0,1,0,0,1,0,0,1,0,0,1,0,0,0
10797039116,1,0,2,0,1,1,0,2,1,2,1,1,1,1,1,1,1,0,0,1,0,0,0,1,0,0,0,0,1,0,1,0,0,0
10797036895,2,1,4,3,0,3,2,3,1,1,1,1,1,0,1,1,1,0,0,0,0,1,0,0,0,0,1,0,1,0,0,1,0,0
10797025069,2,1,4,1,0,1,1,2,0,0,1,1,1,1,1,1,1,0,0,0,0,1,0,0,1,0,0,0,1,0,0,1,0,0
10797013808,3,0,1,3,0,1,2,0,0,5,1,1,1,0,1,1,1,0,1,0,0,0,0,0,0,0,1,1,0,0,0,0,1,0
10797007399,1,0,1,0,0,3,1,0,0,5,1,1,1,1,1,1,1,0,1,0,0,0,0,1,0,0,0,1,0,0,1,0,0,0
10796993329,1,1,3,1,0,1,1,4,1,2,1,1,1,1,1,1,1,0,0,0,1,0,0,0,1,0,0,0,0,1,1,0,0,0
10796980146,4,1,4,3,0,3,3,0,1,1,1,1,1,1,1,1,1,0,0,0,0,1,0,0,0,0,1,1,0,0,0,0,0,1
10796967998,1,1,2,3,0,2,2,0,0,5,1,1,1,0,1,1,1,0,0,1,0,0,0,0,0,0,1,1,0,0,1,0,0,0
10796963585,4,0,1,3,1,3,1,0,0,0,1,1,1,0,0,0,0,0,1,0,0,0,0,0,0,0,1,1,0,0,0,0,0,1
10796928065,3,1,1,3,1,1,2,0,0,6,1,1,1,0,1,1,1,0,1,0,0,0,0,0,0,0,1,1,0,0,0,0,1,0
10796916608,1,1,1,3,0,0,2,0,1,6,0,0,0,1,1,1,1,0,1,0,0,0,0,0,0,0,1,1,0,0,1,0,0,0
10796888383,2,0,2,3,0,2,2,0,0,0,1,1,1,0,1,1,1,0,0,1,0,0,0,0,0,0,1,1,0,0,0,1,0,0
10796886870,4,0,4,1,1,2,3,0,0,5,1,1,1,0,1,1,1,0,0,0,0,1,0,0,1,0,0,1,0,0,0,0,0,1
10796877643,1,0,5,3,0,1,1,0,1,2,1,1,1,1,1,1,1,0,0,0,0,0,1,0,0,0,1,1,0,0,1,0,0,0
10796858784,4,0,3,2,0,2,2,0,0,5,1,1,1,0,1,1,1,0,0,0,1,0,0,0,0,1,0,1,0,0,0,0,0,1
10796856213,3,0,2,1,1,2,2,0,0,5,1,1,1,1,1,1,1,0,0,1,0,0,0,0,1,0,0,1,0,0,0,0,1,0
10796847765,1,0,4,0,0,1,0,0,0,0,1,1,1,1,1,1,1,0,0,0,0,1,0,1,0,0,0,1,0,0,1,0,0,0
10796836733,1,1,2,3,0,3,2,0,1,1,1,1,1,1,1,1,1,0,0,1,0,0,0,0,0,0,1,1,0,0,1,0,0,0
10796833168,1,1,0,0,0,0,1,0,0,4,0,0,0,1,1,1,1,1,0,0,0,0,0,1,0,0,0,1,0,0,1,0,0,0
10796829193,2,0,2,3,0,2,2,0,0,0,1,1,1,1,1,1,1,0,0,1,0,0,0,0,0,0,1,1,0,0,0,1,0,0
10796824340,3,0,2,3,0,2,2,0,0,5,1,1,1,1,1,1,1,0,0,1,0,0,0,0,0,0,1,1,0,0,0,0,1,0
10796813337,4,0,1,2,0,2,2,0,0,5,1,1,1,0,1,1,1,0,1,0,0,0,0,0,0,1,0,1,0,0,0,0,0,1
10796807152,2,0,4,3,0,2,2,2,0,6,1,1,1,0,1,1,1,0,0,0,0,1,0,0,0,0,1,0,1,0,0,1,0,0
10796803227,2,0,2,3,1,1,2,0,0,5,1,1,1,0,0,1,0,0,0,1,0,0,0,0,0,0,1,1,0,0,0,1,0,0
10796802495,1,1,5,3,0,1,2,4,1,1,1,1,1,0,1,1,1,0,0,0,0,0,1,0,0,0,1,0,0,1,1,0,0,0
10796799877,2,0,2,0,0,0,1,0,0,2,0,0,1,0,1,1,1,0,0,1,0,0,0,1,0,0,0,1,0,0,0,1,0,0
10796797378,1,1,4,3,0,4,1,0,1,2,1,1,1,0,1,1,1,0,0,0,0,1,0,0,0,0,1,1,0,0,1,0,0,0
10796796547,3,1,1,3,1,1,2,0,0,5,1,1,1,1,1,1,1,0,1,0,0,0,0,0,0,0,1,1,0,0,0,0,1,0
10796795720,4,0,1,3,0,1,2,0,0,5,1,1,1,0,1,1,1,0,1,0,0,0,0,0,0,0,1,1,0,0,0,0,0,1
10796792782,2,1,1,3,1,2,2,0,1,1,1,1,1,0,1,1,1,0,1,0,0,0,0,0,0,0,1,1,0,0,0,1,0,0
10796785256,1,1,4,2,0,1,1,2,1,0,1,1,1,0,1,1,1,0,0,0,0,1,0,0,0,1,0,0,1,0,1,0,0,0
10796783099,4,0,2,1,1,0,1,3,0,5,0,0,0,0,0,1,0,0,0,1,0,0,0,0,1,0,0,0,1,0,0,0,0,1
10796778074,1,1,0,0,0,2,2,2,0,2,1,1,1,1,1,1,1,1,0,0,0,0,0,1,0,0,0,0,1,0,1,0,0,0
10796777828,1,1,2,3,0,2,2,4,1,1,1,1,1,0,1,1,1,0,0,1,0,0,0,0,0,0,1,0,0,1,1,0,0,0
10796775638,3,1,2,3,0,2,2,0,0,6,1,1,1,0,1,1,1,0,0,1,0,0,0,0,0,0,1,1,0,0,0,0,1,0
10796764927,1,0,1,1,1,1,3,4,1,1,1,1,1,1,1,1,1,0,1,0,0,0,0,0,1,0,0,0,0,1,1,0,0,0
10796762747,3,1,5,1,0,1,0,0,0,0,1,1,1,0,1,1,1,0,0,0,0,0,1,0,1,0,0,1,0,0,0,0,1,0
10796751522,1,1,1,1,0,1,1,0,1,3,1,1,1,1,1,1,1,0,1,0,0,0,0,0,1,0,0,1,0,0,1,0,0,0
10796749952,1,1,4,2,0,2,1,0,1,1,1,1,1,1,1,1,1,0,0,0,0,1,0,0,0,1,0,1,0,0,1,0,0,0
10796748098,3,0,1,1,0,1,1,0,1,5,1,1,1,0,1,1,1,0,1,0,0,0,0,0,1,0,0,1,0,0,0,0,1,0
10796744810,3,0,4,3,0,1,1,0,0,5,1,1,1,0,1,1,1,0,0,0,0,1,0,0,0,0,1,1,0,0,0,0,1,0
10796743834,1,1,2,3,0,1,2,0,1,1,1,1,1,0,1,1,1,0,0,1,0,0,0,0,0,0,1,1,0,0,1,0,0,0
10796743392,3,1,2,2,0,1,1,0,0,6,1,1,1,0,1,1,1,0,0,1,0,0,0,0,0,1,0,1,0,0,0,0,1,0
10796743253,1,1,3,3,0,2,2,4,1,2,1,1,1,0,1,1,1,0,0,0,1,0,0,0,0,0,1,0,0,1,1,0,0,0
10796742875,1,0,5,3,0,2,2,2,1,1,1,1,1,1,1,1,1,0,0,0,0,0,1,0,0,0,1,0,1,0,1,0,0,0
10796738757,2,0,5,1,0,1,1,2,1,3,1,1,1,1,1,1,1,0,0,0,0,0,1,0,1,0,0,0,1,0,0,1,0,0
10796737843,2,1,1,1,1,1,1,0,0,5,1,1,1,0,0,1,0,0,1,0,0,0,0,0,1,0,0,1,0,0,0,1,0,0
10796724390,2,0,3,3,1,4,2,0,0,6,1,1,1,0,1,1,1,0,0,0,1,0,0,0,0,0,1,1,0,0,0,1,0,0
10796722603,1,1,3,3,1,2,2,4,0,4,1,1,1,0,1,1,1,0,0,0,1,0,0,0,0,0,1,0,0,1,1,0,0,0
10796713550,3,0,5,3,0,2,2,1,0,5,1,1,1,0,1,1,1,0,0,0,0,0,1,0,0,0,1,0,1,0,0,0,1,0
10796709668,2,0,4,3,0,3,3,2,1,0,1,1,1,0,1,1,1,0,0,0,0,1,0,0,0,0,1,0,1,0,0,1,0,0
10796705323,3,0,1,2,1,2,2,0,1,6,1,1,1,0,0,0,1,0,1,0,0,0,0,0,0,1,0,1,0,0,0,0,1,0
10796698723,3,0,3,3,0,1,1,0,0,5,1,1,1,1,1,1,1,0,0,0,1,0,0,0,0,0,1,1,0,0,0,0,1,0
10796698230,3,0,3,3,0,1,2,0,0,5,1,1,1,0,1,1,1,0,0,0,1,0,0,0,0,0,1,1,0,0,0,0,1,0
10796691881,1,0,5,2,0,3,1,0,1,2,1,1,1,1,1,1,1,0,0,0,0,0,1,0,0,1,0,1,0,0,1,0,0,0
10796691405,1,1,4,3,0,2,2,2,0,6,1,1,1,1,1,1,1,0,0,0,0,1,0,0,0,0,1,0,1,0,1,0,0,0
10796678766,3,1,2,3,1,2,2,4,1,2,1,1,1,1,1,1,1,0,0,1,0,0,0,0,0,0,1,0,0,1,0,0,1,0
10796677251,3,0,4,3,0,2,2,0,0,5,1,1,1,0,1,1,1,0,0,0,0,1,0,0,0,0,1,1,0,0,0,0,1,0
10796672743,1,1,2,3,0,2,2,0,1,0,1,1,1,0,1,1,1,0,0,1,0,0,0,0,0,0,1,1,0,0,1,0,0,0
10796668491,1,1,3,1,0,1,1,4,1,2,1,1,1,1,1,1,1,0,0,0,1,0,0,0,1,0,0,0,0,1,1,0,0,0
10796666691,1,1,5,3,0,1,2,2,1,5,1,1,1,1,1,1,1,0,0,0,0,0,1,0,0,0,1,0,1,0,1,0,0,0
10796662302,1,1,4,0,0,1,1,0,1,5,1,1,1,1,1,1,1,0,0,0,0,1,0,1,0,0,0,1,0,0,1,0,0,0
10796661080,3,1,2,3,0,2,2,0,0,5,1,1,1,0,1,1,1,0,0,1,0,0,0,0,0,0,1,1,0,0,0,0,1,0
10796656539,1,0,5,3,0,2,1,2,1,2,1,1,1,0,1,1,1,0,0,0,0,0,1,0,0,0,1,0,1,0,1,0,0,0
10796653464,4,1,1,1,0,1,1,0,0,5,1,1,1,0,1,1,1,0,1,0,0,0,0,0,1,0,0,1,0,0,0,0,0,1
10796649260,1,1,5,3,0,2,1,0,0,2,1,1,1,1,1,1,1,0,0,0,0,0,1,0,0,0,1,1,0,0,1,0,0,0
10796645591,1,0,5,3,0,2,1,0,1,1,1,1,1,0,1,1,1,0,0,0,0,0,1,0,0,0,1,1,0,0,1,0,0,0
10796642970,1,1,1,1,0,2,2,0,0,0,1,1,1,0,1,1,1,0,1,0,0,0,0,0,1,0,0,1,0,0,1,0,0,0
10796642378,2,1,1,0,0,1,4,4,1,5,1,1,1,0,1,1,1,0,1,0,0,0,0,1,0,0,0,0,0,1,0,1,0,0
10796640972,4,0,1,3,0,1,2,0,0,5,1,1,1,0,0,1,0,0,1,0,0,0,0,0,0,0,1,1,0,0,0,0,0,1
10796638339,1,1,3,0,0,1,0,0,1,1,1,1,1,1,1,1,1,0,0,0,1,0,0,1,0,0,0,1,0,0,1,0,0,0
10796631724,1,1,5,1,0,2,0,1,1,0,1,1,1,0,1,1,1,0,0,0,0,0,1,0,1,0,0,0,1,0,1,0,0,0
10796631534,1,1,2,3,0,2,2,0,1,5,1,1,1,0,1,1,1,0,0,1,0,0,0,0,0,0,1,1,0,0,1,0,0,0
10796630874,1,0,1,2,0,2,2,1,0,5,1,1,1,1,1,1,1,0,1,0,0,0,0,0,0,1,0,0,1,0,1,0,0,0
10796628847,4,1,1,1,0,2,2,3,0,6,1,1,1,0,1,1,1,0,1,0,0,0,0,0,1,0,0,0,1,0,0,0,0,1
10796623696,1,1,5,1,1,1,0,2,0,3,1,1,1,1,1,1,1,0,0,0,0,0,1,0,1,0,0,0,1,0,1,0,0,0
10796620567,1,1,4,3,0,1,2,0,1,1,1,1,1,0,1,1,1,0,0,0,0,1,0,0,0,0,1,1,0,0,1,0,0,0
10796613977,1,1,3,0,0,2,1,0,0,0,1,1,1,0,1,1,1,0,0,0,1,0,0,1,0,0,0,1,0,0,1,0,0,0
10796610796,3,1,1,1,1,1,2,0,0,3,1,1,1,1,1,1,1,0,1,0,0,0,0,0,1,0,0,1,0,0,0,0,1,0
10796610514,1,0,3,3,0,2,2,4,1,1,1,1,1,1,1,1,1,0,0,0,1,0,0,0,0,0,1,0,0,1,1,0,0,0
10796603214,4,1,1,3,1,1,1,0,1,6,1,1,1,1,1,1,1,0,1,0,0,0,0,0,0,0,1,1,0,0,0,0,0,1
10796600636,3,1,1,1,1,1,2,0,0,5,1,1,1,0,1,1,1,0,1,0,0,0,0,0,1,0,0,1,0,0,0,0,1,0
10796598674,1,1,2,2,0,2,2,4,1,6,1,1,1,1,1,1,1,0,0,1,0,0,0,0,0,1,0,0,0,1,1,0,0,0
10796597570,3,0,2,3,0,2,2,0,0,5,1,1,1,0,0,1,0,0,0,1,0,0,0,0,0,0,1,1,0,0,0,0,1,0
10796596398,1,0,1,1,0,1,2,4,0,4,1,1,1,1,1,1,1,0,1,0,0,0,0,0,1,0,0,0,0,1,1,0,0,0
10796594869,4,1,2,2,0,1,1,0,0,5,1,1,1,0,1,1,1,0,0,1,0,0,0,0,0,1,0,1,0,0,0,0,0,1
10796593376,1,0,0,0,0,1,1,2,1,5,1,1,1,1,1,1,1,1,0,0,0,0,0,1,0,0,0,0,1,0,1,0,0,0
10796592979,2,0,2,3,0,2,2,0,1,5,1,1,1,1,1,1,1,0,0,1,0,0,0,0,0,0,1,1,0,0,0,1,0,0
10796586552,1,1,0,0,1,1,1,3,0,3,1,1,1,1,1,1,1,1,0,0,0,0,0,1,0,0,0,0,1,0,1,0,0,0
10796578094,2,0,2,3,1,1,2,0,0,5,1,1,1,0,1,1,1,0,0,1,0,0,0,0,0,0,1,1,0,0,0,1,0,0
10796164505,2,1,5,1,0,1,0,0,0,5,1,1,1,1,1,1,1,0,0,0,0,0,1,0,1,0,0,1,0,0,0,1,0,0
10794497232,1,1,0,0,1,1,3,2,0,2,1,1,1,0,1,1,1,1,0,0,0,0,0,1,0,0,0,0,1,0,1,0,0,0
10794463752,1,1,5,2,0,2,0,0,1,1,1,1,1,0,1,1,1,0,0,0,0,0,1,0,0,1,0,1,0,0,1,0,0,0
10794077049,4,0,2,1,0,4,1,0,0,0,1,1,1,0,1,1,1,0,0,1,0,0,0,0,1,0,0,1,0,0,0,0,0,1
10793932168,1,1,0,0,0,0,1,0,0,3,0,0,0,1,1,1,1,1,0,0,0,0,0,1,0,0,0,1,0,0,1,0,0,0
10793915894,1,0,4,2,0,0,1,0,0,6,0,0,0,1,1,1,1,0,0,0,0,1,0,0,0,1,0,1,0,0,1,0,0,0
10793911995,1,1,2,2,0,0,3,4,0,5,0,0,0,1,1,1,1,0,0,1,0,0,0,0,0,1,0,0,0,1,1,0,0,0
10793839126,1,1,1,1,1,2,1,3,0,2,1,1,1,0,0,0,0,0,1,0,0,0,0,0,1,0,0,0,1,0,1,0,0,0
10793608640,1,1,0,0,1,0,1,3,1,5,0,0,0,0,0,1,0,1,0,0,0,0,0,1,0,0,0,0,1,0,1,0,0,0
10793590714,1,0,0,0,1,2,2,3,1,4,1,1,1,0,1,1,1,1,0,0,0,0,0,1,0,0,0,0,1,0,1,0,0,0
10793567059,1,0,5,3,0,0,2,0,0,6,0,0,0,1,1,1,1,0,0,0,0,0,1,0,0,0,1,1,0,0,1,0,0,0
10793562372,1,0,0,1,0,0,1,0,0,5,0,0,0,1,1,1,1,1,0,0,0,0,0,0,1,0,0,1,0,0,1,0,0,0
10793546676,1,1,5,3,0,2,1,2,0,5,1,1,1,1,1,1,1,0,0,0,0,0,1,0,0,0,1,0,1,0,1,0,0,0
10793514299,3,0,3,3,0,1,2,0,0,5,1,1,1,0,1,1,1,0,0,0,1,0,0,0,0,0,1,1,0,0,0,0,1,0
10793474003,1,1,4,2,1,1,1,4,0,5,1,1,1,0,1,1,1,0,0,0,0,1,0,0,0,1,0,0,0,1,1,0,0,0
10793456112,2,1,5,3,0,0,1,0,1,6,0,0,0,1,1,1,1,0,0,0,0,0,1,0,0,0,1,1,0,0,0,1,0,0
10793452593,2,1,3,3,1,2,2,0,1,1,1,1,1,1,1,1,1,0,0,0,1,0,0,0,0,0,1,1,0,0,0,1,0,0
10793372079,1,1,4,3,0,3,3,2,0,0,1,1,1,1,1,1,1,0,0,0,0,1,0,0,0,0,1,0,1,0,1,0,0,0
10793369845,3,1,2,3,0,2,2,0,0,1,1,1,1,0,0,0,0,0,0,1,0,0,0,0,0,0,1,1,0,0,0,0,1,0
10793321866,1,0,2,1,1,1,1,0,1,3,1,1,1,1,1,1,1,0,0,1,0,0,0,0,1,0,0,1,0,0,1,0,0,0
10793134912,1,1,5,2,0,1,0,2,0,5,1,1,1,1,1,1,1,0,0,0,0,0,1,0,0,1,0,0,1,0,1,0,0,0
10793058381,2,0,1,3,0,1,1,0,0,5,1,1,1,0,1,1,1,0,1,0,0,0,0,0,0,0,1,1,0,0,0,1,0,0
10792982882,1,1,4,3,0,0,2,4,1,6,0,0,0,1,1,1,1,0,0,0,0,1,0,0,0,0,1,0,0,1,1,0,0,0
10792926418,1,1,4,3,0,1,2,0,0,0,1,1,1,1,1,1,1,0,0,0,0,1,0,0,0,0,1,1,0,0,1,0,0,0
10792828254,1,0,2,3,0,2,2,0,0,5,1,1,1,1,1,1,1,0,0,1,0,0,0,0,0,0,1,1,0,0,1,0,0,0
10792769927,2,0,5,3,0,0,1,2,0,6,0,0,0,1,1,1,1,0,0,0,0,0,1,0,0,0,1,0,1,0,0,1,0,0
10792733363,1,1,2,3,0,2,1,0,1,1,1,1,1,1,1,1,1,0,0,1,0,0,0,0,0,0,1,1,0,0,1,0,0,0
10792113886,2,1,3,3,1,2,2,0,1,4,1,1,1,0,1,0,0,0,0,0,1,0,0,0,0,0,1,1,0,0,0,1,0,0
10792059130,2,0,2,1,0,1,1,0,0,5,1,1,1,0,1,1,1,0,0,1,0,0,0,0,1,0,0,1,0,0,0,1,0,0
10791988601,2,0,2,3,0,2,2,0,0,5,1,1,1,1,1,1,1,0,0,1,0,0,0,0,0,0,1,1,0,0,0,1,0,0
10791979900,4,1,2,2,1,1,1,0,1,6,1,1,1,1,1,1,1,0,0,1,0,0,0,0,0,1,0,1,0,0,0,0,0,1
10791944803,4,1,4,3,0,2,2,0,0,2,1,1,1,0,0,0,0,0,0,0,0,1,0,0,0,0,1,1,0,0,0,0,0,1
10791913201,3,0,2,1,0,1,1,0,0,5,1,1,1,0,1,1,1,0,0,1,0,0,0,0,1,0,0,1,0,0,0,0,1,0
10791896554,3,1,2,2,0,0,2,0,0,6,0,0,0,1,1,1,1,0,0,1,0,0,0,0,0,1,0,1,0,0,0,0,1,0
10791843569,3,1,5,3,0,2,0,0,1,0,1,1,1,0,0,0,0,0,0,0,0,0,1,0,0,0,1,1,0,0,0,0,1,0
10791831635,1,1,3,3,0,1,1,0,0,0,1,1,1,0,0,0,0,0,0,0,1,0,0,0,0,0,1,1,0,0,1,0,0,0
10791806218,1,0,5,1,0,1,0,4,1,2,1,1,1,0,0,0,0,0,0,0,0,0,1,0,1,0,0,0,0,1,1,0,0,0
10791765278,3,1,1,3,0,2,2,0,0,5,1,1,1,1,1,1,1,0,1,0,0,0,0,0,0,0,1,1,0,0,0,0,1,0
10791724090,1,0,5,3,0,2,1,2,1,1,1,1,1,0,1,1,1,0,0,0,0,0,1,0,0,0,1,0,1,0,1,0,0,0
10791723877,1,1,5,2,0,2,1,0,1,3,1,1,1,1,1,1,1,0,0,0,0,0,1,0,0,1,0,1,0,0,1,0,0,0
10791695866,1,1,5,1,0,1,1,4,0,3,1,1,1,1,1,1,1,0,0,0,0,0,1,0,1,0,0,0,0,1,1,0,0,0
10791684239,3,1,4,3,0,2,2,0,1,5,1,1,1,1,1,1,1,0,0,0,0,1,0,0,0,0,1,1,0,0,0,0,1,0
10791676471,3,1,3,3,1,2,2,0,0,0,1,1,1,0,1,1,1,0,0,0,1,0,0,0,0,0,1,1,0,0,0,0,1,0
10791671957,3,1,2,3,0,2,2,0,0,0,1,1,1,0,0,0,0,0,0,1,0,0,0,0,0,0,1,1,0,0,0,0,1,0
10791670369,3,1,4,3,0,1,2,0,0,6,1,1,1,0,1,1,1,0,0,0,0,1,0,0,0,0,1,1,0,0,0,0,1,0
10791669138,3,0,1,2,0,1,1,0,0,5,1,1,1,1,1,1,1,0,1,0,0,0,0,0,0,1,0,1,0,0,0,0,1,0
10791617449,1,1,2,1,0,0,1,0,0,3,0,0,0,1,1,1,1,0,0,1,0,0,0,0,1,0,0,1,0,0,1,0,0,0
10791616351,3,1,1,3,1,2,2,0,0,2,1,1,1,0,1,1,1,0,1,0,0,0,0,0,0,0,1,1,0,0,0,0,1,0
10791582294,2,0,2,2,0,1,2,0,0,5,1,1,1,1,1,1,1,0,0,1,0,0,0,0,0,1,0,1,0,0,0,1,0,0
10791510393,1,0,3,3,0,4,2,0,0,0,1,1,1,1,1,1,1,0,0,0,1,0,0,0,0,0,1,1,0,0,1,0,0,0
10791493139,1,1,0,2,1,1,2,4,0,2,1,1,1,1,1,1,1,1,0,0,0,0,0,0,0,1,0,0,0,1,1,0,0,0
10791485915,1,1,1,3,0,2,2,0,0,5,1,1,1,0,1,1,1,0,1,0,0,0,0,0,0,0,1,1,0,0,1,0,0,0
10791445815,1,1,1,3,0,2,3,4,0,5,1,1,1,0,1,1,1,0,1,0,0,0,0,0,0,0,1,0,0,1,1,0,0,0
10791438441,1,1,3,2,0,1,2,0,1,6,1,1,1,1,1,1,1,0,0,0,1,0,0,0,0,1,0,1,0,0,1,0,0,0
10791380316,1,1,1,2,0,0,1,0,0,5,0,0,0,0,1,1,1,0,1,0,0,0,0,0,0,1,0,1,0,0,1,0,0,0
10791368406,3,0,2,3,1,2,2,0,0,0,1,1,1,0,1,1,1,0,0,1,0,0,0,0,0,0,1,1,0,0,0,0,1,0
10791365996,1,1,1,1,0,1,1,2,1,3,1,1,1,1,1,1,1,0,1,0,0,0,0,0,1,0,0,0,1,0,1,0,0,0
10791363152,3,0,3,2,0,1,1,0,0,4,1,1,1,0,1,0,0,0,0,0,1,0,0,0,0,1,0,1,0,0,0,0,1,0
10791357424,2,0,2,1,0,2,1,4,0,0,1,1,1,1,1,1,1,0,0,1,0,0,0,0,1,0,0,0,0,1,0,1,0,0
10791357181,1,1,2,1,0,1,1,4,0,6,1,1,1,0,1,1,1,0,0,1,0,0,0,0,1,0,0,0,0,1,1,0,0,0
10791353981,1,0,3,3,1,1,1,2,0,0,1,1,1,0,1,1,1,0,0,0,1,0,0,0,0,0,1,0,1,0,1,0,0,0
10791337472,1,0,4,3,0,4,2,0,1,5,1,1,1,1,1,1,1,0,0,0,0,1,0,0,0,0,1,1,0,0,1,0,0,0
10791063484,2,0,2,2,0,1,1,2,0,5,1,1,1,1,1,1,1,0,0,1,0,0,0,0,0,1,0,0,1,0,0,1,0,0
10790931124,3,1,1,3,0,4,4,0,1,6,1,1,1,1,1,1,1,0,1,0,0,0,0,0,0,0,1,1,0,0,0,0,1,0
10790757530,3,0,2,3,1,2,1,0,0,2,1,1,1,1,1,1,1,0,0,1,0,0,0,0,0,0,1,1,0,0,0,0,1,0
10790729713,1,0,4,3,0,2,2,0,0,5,1,1,1,1,1,1,1,0,0,0,0,1,0,0,0,0,1,1,0,0,1,0,0,0
10790641458,1,0,5,3,0,2,1,0,1,1,1,1,1,1,1,1,1,0,0,0,0,0,1,0,0,0,1,1,0,0,1,0,0,0
10790605020,1,0,5,3,0,2,0,2,1,5,1,1,1,1,1,1,1,0,0,0,0,0,1,0,0,0,1,0,1,0,1,0,0,0
10790562050,3,1,1,2,1,1,2,0,0,5,1,1,1,1,1,1,1,0,1,0,0,0,0,0,0,1,0,1,0,0,0,0,1,0
10790521240,1,0,1,3,1,2,2,0,0,0,1,1,1,1,1,1,1,0,1,0,0,0,0,0,0,0,1,1,0,0,1,0,0,0
10790511991,1,0,3,2,0,2,2,0,1,5,1,1,1,1,1,1,1,0,0,0,1,0,0,0,0,1,0,1,0,0,1,0,0,0
10790341401,2,0,3,2,1,2,2,0,0,5,1,1,1,1,1,1,1,0,0,0,1,0,0,0,0,1,0,1,0,0,0,1,0,0
10790188875,1,1,5,3,0,1,1,0,1,6,1,1,1,1,1,1,1,0,0,0,0,0,1,0,0,0,1,1,0,0,1,0,0,0
10790103626,1,0,5,3,0,3,3,1,0,0,1,1,1,0,1,1,1,0,0,0,0,0,1,0,0,0,1,0,1,0,1,0,0,0
10789350377,1,1,4,3,0,2,2,0,1,2,1,1,1,0,1,1,1,0,0,0,0,1,0,0,0,0,1,1,0,0,1,0,0,0
10789332744,1,0,1,2,0,2,2,2,1,2,1,1,1,1,1,1,1,0,1,0,0,0,0,0,0,1,0,0,1,0,1,0,0,0
10789299515,1,0,4,3,1,1,1,0,0,5,1,1,1,1,1,1,1,0,0,0,0,1,0,0,0,0,1,1,0,0,1,0,0,0
10789270356,2,1,4,3,0,3,2,0,1,3,1,1,1,1,1,1,1,0,0,0,0,1,0,0,0,0,1,1,0,0,0,1,0,0
10789135025,4,1,4,3,0,2,2,0,0,5,1,1,1,1,1,1,1,0,0,0,0,1,0,0,0,0,1,1,0,0,0,0,0,1
10789014233,2,0,5,2,0,2,1,0,0,5,1,1,1,1,1,1,1,0,0,0,0,0,1,0,0,1,0,1,0,0,0,1,0,0
10788999184,2,0,4,3,0,3,2,0,0,5,1,1,1,1,1,1,1,0,0,0,0,1,0,0,0,0,1,1,0,0,0,1,0,0
10788994808,1,1,0,0,0,1,3,3,1,6,1,1,1,1,1,1,1,1,0,0,0,0,0,1,0,0,0,0,1,0,1,0,0,0
10788978049,1,1,5,3,0,1,0,0,0,5,1,1,1,1,1,1,1,0,0,0,0,0,1,0,0,0,1,1,0,0,1,0,0,0
10788967142,1,0,2,3,0,2,2,1,0,0,1,1,1,0,1,1,1,0,0,1,0,0,0,0,0,0,1,0,1,0,1,0,0,0
10788941718,1,0,5,3,0,2,1,0,1,0,1,1,1,0,1,1,1,0,0,0,0,0,1,0,0,0,1,1,0,0,1,0,0,0
10788933054,1,0,5,3,0,1,0,0,1,6,1,1,1,1,1,1,1,0,0,0,0,0,1,0,0,0,1,1,0,0,1,0,0,0
10788913638,1,0,3,3,0,2,2,0,0,5,1,1,1,1,1,1,1,0,0,0,1,0,0,0,0,0,1,1,0,0,1,0,0,0
10788911056,1,1,4,2,0,1,2,0,1,1,1,1,1,0,1,1,1,0,0,0,0,1,0,0,0,1,0,1,0,0,1,0,0,0
10788910791,1,0,1,3,0,1,2,0,0,2,1,1,1,1,1,1,1,0,1,0,0,0,0,0,0,0,1,1,0,0,1,0,0,0
10788908974,1,0,5,2,0,3,1,0,0,3,1,1,1,1,1,1,1,0,0,0,0,0,1,0,0,1,0,1,0,0,1,0,0,0
10788901590,1,0,4,1,0,1,0,2,0,5,1,1,1,1,1,1,1,0,0,0,0,1,0,0,1,0,0,0,1,0,1,0,0,0
10788874499,1,0,3,3,0,2,2,0,1,6,1,1,1,1,1,1,1,0,0,0,1,0,0,0,0,0,1,1,0,0,1,0,0,0
10788828624,2,0,2,3,0,2,2,0,1,0,1,1,1,0,1,1,1,0,0,1,0,0,0,0,0,0,1,1,0,0,0,1,0,0
10788812138,4,0,3,2,0,2,2,0,0,5,1,1,1,1,1,1,1,0,0,0,1,0,0,0,0,1,0,1,0,0,0,0,0,1
10788805538,1,0,0,0,0,1,0,4,1,5,1,1,1,1,1,1,1,1,0,0,0,0,0,1,0,0,0,0,0,1,1,0,0,0
10788794632,1,0,5,2,0,1,0,0,1,5,1,1,1,0,1,1,1,0,0,0,0,0,1,0,0,1,0,1,0,0,1,0,0,0
10788785653,1,0,5,3,0,2,1,0,0,2,1,1,1,1,1,1,1,0,0,0,0,0,1,0,0,0,1,1,0,0,1,0,0,0
10788783170,1,1,5,3,0,1,1,2,0,5,1,1,1,1,1,1,1,0,0,0,0,0,1,0,0,0,1,0,1,0,1,0,0,0
10788778999,1,0,5,3,0,2,0,0,1,5,1,1,1,1,1,1,1,0,0,0,0,0,1,0,0,0,1,1,0,0,1,0,0,0
10788774700,1,0,1,3,0,1,2,2,1,5,1,1,1,0,1,1,1,0,1,0,0,0,0,0,0,0,1,0,1,0,1,0,0,0
10788770436,1,0,5,3,0,3,2,1,1,0,1,1,1,0,1,1,1,0,0,0,0,0,1,0,0,0,1,0,1,0,1,0,0,0
10788758529,1,0,5,3,0,2,2,2,1,0,1,1,1,1,1,1,1,0,0,0,0,0,1,0,0,0,1,0,1,0,1,0,0,0
10788755748,1,0,5,3,0,2,0,2,1,2,1,1,1,1,1,1,1,0,0,0,0,0,1,0,0,0,1,0,1,0,1,0,0,0
10788749676,1,0,4,2,0,0,2,0,1,5,0,0,0,1,1,1,1,0,0,0,0,1,0,0,0,1,0,1,0,0,1,0,0,0
10788730379,1,0,3,3,1,1,2,4,1,5,1,1,1,0,1,1,1,0,0,0,1,0,0,0,0,0,1,0,0,1,1,0,0,0
10788725145,1,1,4,3,0,2,0,4,1,5,1,1,1,1,1,1,1,0,0,0,0,1,0,0,0,0,1,0,0,1,1,0,0,0
10788722020,1,1,5,3,0,1,2,0,1,2,1,1,1,1,1,1,1,0,0,0,0,0,1,0,0,0,1,1,0,0,1,0,0,0
10788719111,1,0,5,3,0,1,0,0,1,1,1,1,1,0,1,1,1,0,0,0,0,0,1,0,0,0,1,1,0,0,1,0,0,0
10788718361,2,1,5,3,0,2,0,0,1,1,1,1,1,1,1,1,1,0,0,0,0,0,1,0,0,0,1,1,0,0,0,1,0,0
10788714565,2,0,5,3,0,2,1,0,0,0,1,1,1,0,0,0,0,0,0,0,0,0,1,0,0,0,1,1,0,0,0,1,0,0
10788697102,1,0,5,3,0,2,0,0,1,1,1,1,1,1,1,1,1,0,0,0,0,0,1,0,0,0,1,1,0,0,1,0,0,0
10788697046,1,0,5,3,0,3,0,0,1,6,1,1,1,1,1,1,1,0,0,0,0,0,1,0,0,0,1,1,0,0,1,0,0,0
10788695797,2,0,5,3,0,2,0,2,1,6,1,1,1,1,1,1,1,0,0,0,0,0,1,0,0,0,1,0,1,0,0,1,0,0
10788685728,1,1,5,3,0,1,1,2,1,0,1,1,1,1,1,1,1,0,0,0,0,0,1,0,0,0,1,0,1,0,1,0,0,0
10788680876,1,0,5,3,0,2,1,0,1,1,1,1,1,1,1,1,1,0,0,0,0,0,1,0,0,0,1,1,0,0,1,0,0,0
10788675656,1,1,5,2,0,1,0,0,1,1,1,1,1,1,1,1,1,0,0,0,0,0,1,0,0,1,0,1,0,0,1,0,0,0
10788671914,1,0,5,3,0,2,0,0,0,0,1,1,1,0,0,0,0,0,0,0,0,0,1,0,0,0,1,1,0,0,1,0,0,0
10788668563,1,0,0,0,0,1,1,2,0,6,1,1,1,1,1,1,1,1,0,0,0,0,0,1,0,0,0,0,1,0,1,0,0,0
10788665658,1,0,2,3,0,2,2,4,1,1,1,1,1,0,1,1,1,0,0,1,0,0,0,0,0,0,1,0,0,1,1,0,0,0
10788659927,1,1,3,3,0,2,1,4,1,1,1,1,1,0,1,1,1,0,0,0,1,0,0,0,0,0,1,0,0,1,1,0,0,0
10788659833,2,0,3,3,0,2,2,1,0,5,1,1,1,1,1,1,1,0,0,0,1,0,0,0,0,0,1,0,1,0,0,1,0,0
10788659687,1,0,0,0,1,3,3,0,0,2,1,1,1,1,1,1,1,1,0,0,0,0,0,1,0,0,0,1,0,0,1,0,0,0
10788657363,1,1,4,3,0,2,2,3,1,3,1,1,1,1,1,1,1,0,0,0,0,1,0,0,0,0,1,0,1,0,1,0,0,0
10788654555,3,0,1,3,0,2,2,0,0,5,1,1,1,1,1,1,1,0,1,0,0,0,0,0,0,0,1,1,0,0,0,0,1,0
10788650735,1,1,2,3,0,2,2,0,0,3,1,1,1,1,1,1,1,0,0,1,0,0,0,0,0,0,1,1,0,0,1,0,0,0
10788650631,1,1,0,1,1,1,1,3,0,6,1,1,1,1,1,1,1,1,0,0,0,0,0,0,1,0,0,0,1,0,1,0,0,0
10788645133,3,0,4,1,0,3,2,0,1,5,1,1,1,0,1,1,1,0,0,0,0,1,0,0,1,0,0,1,0,0,0,0,1,0
10788640857,2,1,1,3,0,2,2,0,1,6,1,1,1,0,1,1,1,0,1,0,0,0,0,0,0,0,1,1,0,0,0,1,0,0
10788552941,3,0,4,3,0,4,4,0,0,0,1,1,1,0,1,1,1,0,0,0,0,1,0,0,0,0,1,1,0,0,0,0,1,0
10787916083,1,1,0,1,1,2,2,3,1,1,1,1,1,0,1,1,1,1,0,0,0,0,0,0,1,0,0,0,1,0,1,0,0,0
10786503002,1,1,1,1,0,1,2,2,0,5,1,1,1,1,1,1,1,0,1,0,0,0,0,0,1,0,0,0,1,0,1,0,0,0
10785317332,3,0,5,3,1,2,3,0,0,5,1,1,1,1,1,1,1,0,0,0,0,0,1,0,0,0,1,1,0,0,0,0,1,0
10780845257,3,0,0,3,0,4,4,0,0,6,1,1,1,1,1,1,1,1,0,0,0,0,0,0,0,0,1,1,0,0,0,0,1,0
10779080531,3,0,5,3,1,2,1,0,0,0,1,1,1,1,1,1,1,0,0,0,0,0,1,0,0,0,1,1,0,0,0,0,1,0
10778080599,4,0,3,3,0,3,2,0,0,0,1,1,1,0,1,1,1,0,0,0,1,0,0,0,0,0,1,1,0,0,0,0,0,1
10776942084,3,0,1,3,1,2,2,0,0,0,1,1,1,0,0,0,0,0,1,0,0,0,0,0,0,0,1,1,0,0,0,0,1,0
10776798461,1,0,2,0,0,1,1,0,0,5,1,1,1,1,1,1,1,0,0,1,0,0,0,1,0,0,0,1,0,0,1,0,0,0
10776785910,2,1,3,3,0,3,2,0,0,1,1,1,1,1,1,1,1,0,0,0,1,0,0,0,0,0,1,1,0,0,0,1,0,0
10776773883,3,1,1,1,0,2,1,0,0,5,1,1,1,0,1,1,1,0,1,0,0,0,0,0,1,0,0,1,0,0,0,0,1,0
10776738339,4,0,1,3,1,1,2,0,0,5,1,1,1,1,1,1,1,0,1,0,0,0,0,0,0,0,1,1,0,0,0,0,0,1
10776729574,2,1,2,3,0,1,1,0,0,0,1,1,1,1,1,1,1,0,0,1,0,0,0,0,0,0,1,1,0,0,0,1,0,0
10773683828,2,1,2,2,0,0,1,0,0,6,0,0,0,0,1,1,1,0,0,1,0,0,0,0,0,1,0,1,0,0,0,1,0,0
10773665993,4,1,3,3,1,2,2,2,0,4,1,1,1,0,1,1,1,0,0,0,1,0,0,0,0,0,1,0,1,0,0,0,0,1
10771823846,3,0,3,3,1,1,2,0,0,6,1,1,1,1,1,1,1,0,0,0,1,0,0,0,0,0,1,1,0,0,0,0,1,0
10770799142,4,0,5,2,0,2,1,0,0,6,1,1,1,0,1,1,1,0,0,0,0,0,1,0,0,1,0,1,0,0,0,0,0,1
10770767729,2,1,3,3,0,2,2,0,0,2,1,1,1,0,1,1,1,0,0,0,1,0,0,0,0,0,1,1,0,0,0,1,0,0
10769639695,4,0,5,3,0,2,1,0,1,0,1,1,1,0,0,0,0,0,0,0,0,0,1,0,0,0,1,1,0,0,0,0,0,1
10769638651,3,0,2,3,0,2,2,0,0,5,1,1,1,0,1,1,1,0,0,1,0,0,0,0,0,0,1,1,0,0,0,0,1,0
10769532087,3,1,1,3,0,2,2,1,0,0,1,1,1,0,0,0,0,0,1,0,0,0,0,0,0,0,1,0,1,0,0,0,1,0
10768392616,4,0,2,3,0,2,3,0,0,0,1,1,1,0,1,1,1,0,0,1,0,0,0,0,0,0,1,1,0,0,0,0,0,1
10767100798,4,1,2,3,0,2,2,0,0,5,1,1,1,1,1,1,1,0,0,1,0,0,0,0,0,0,1,1,0,0,0,0,0,1
10766708329,3,0,4,3,0,2,0,0,0,6,1,1,1,0,1,1,1,0,0,0,0,1,0,0,0,0,1,1,0,0,0,0,1,0
10765954861,1,1,3,3,0,2,2,0,0,0,1,1,1,1,1,1,1,0,0,0,1,0,0,0,0,0,1,1,0,0,1,0,0,0
10765899221,3,0,5,2,0,3,3,0,1,6,1,1,1,1,1,1,1,0,0,0,0,0,1,0,0,1,0,1,0,0,0,0,1,0
10765713222,4,1,1,1,0,1,1,0,0,6,1,1,1,1,1,1,1,0,1,0,0,0,0,0,1,0,0,1,0,0,0,0,0,1
10764564435,4,1,5,3,0,2,1,0,0,5,1,1,1,0,1,1,1,0,0,0,0,0,1,0,0,0,1,1,0,0,0,0,0,1
10764542613,4,0,1,3,0,1,2,0,0,6,1,1,1,0,1,1,1,0,1,0,0,0,0,0,0,0,1,1,0,0,0,0,0,1
10764401950,4,0,3,1,0,1,1,0,0,0,1,1,1,0,0,0,0,0,0,0,1,0,0,0,1,0,0,1,0,0,0,0,0,1
10763690201,4,0,4,3,0,2,2,0,0,5,1,1,1,1,1,1,1,0,0,0,0,1,0,0,0,0,1,1,0,0,0,0,0,1
10763674524,4,1,4,2,0,1,1,0,0,5,1,1,1,1,1,1,1,0,0,0,0,1,0,0,0,1,0,1,0,0,0,0,0,1
10763560969,4,1,4,3,1,3,2,0,1,1,1,1,1,0,0,0,0,0,0,0,0,1,0,0,0,0,1,1,0,0,0,0,0,1
10763259519,4,1,3,3,0,2,0,0,0,0,1,1,1,0,0,0,0,0,0,0,1,0,0,0,0,0,1,1,0,0,0,0,0,1
10762965802,4,0,4,2,1,3,4,0,0,0,1,1,1,0,1,1,1,0,0,0,0,1,0,0,0,1,0,1,0,0,0,0,0,1
10762918399,4,0,2,2,0,1,2,0,0,5,1,1,1,1,1,1,1,0,0,1,0,0,0,0,0,1,0,1,0,0,0,0,0,1
10762888833,3,0,2,3,0,1,2,0,0,5,1,1,1,1,1,1,1,0,0,1,0,0,0,0,0,0,1,1,0,0,0,0,1,0
10762883844,1,0,1,3,0,2,2,0,0,5,1,1,1,0,1,1,1,0,1,0,0,0,0,0,0,0,1,1,0,0,1,0,0,0
10762803100,4,1,2,3,0,3,2,0,0,0,1,1,1,0,0,0,0,0,0,1,0,0,0,0,0,0,1,1,0,0,0,0,0,1
10762779117,4,1,1,1,0,1,2,0,0,5,1,1,1,1,1,1,1,0,1,0,0,0,0,0,1,0,0,1,0,0,0,0,0,1
10762774418,4,1,2,3,0,1,2,4,1,5,1,1,1,1,1,1,1,0,0,1,0,0,0,0,0,0,1,0,0,1,0,0,0,1
10762705893,3,1,1,0,1,2,2,0,0,2,1,1,1,1,1,1,1,0,1,0,0,0,0,1,0,0,0,1,0,0,0,0,1,0
10762705828,3,1,5,3,0,2,1,0,0,5,1,1,1,0,1,1,1,0,0,0,0,0,1,0,0,0,1,1,0,0,0,0,1,0
10762673083,4,0,1,3,0,1,1,0,1,5,1,1,1,1,1,1,1,0,1,0,0,0,0,0,0,0,1,1,0,0,0,0,0,1
10762657321,3,1,0,0,0,1,1,0,0,0,1,1,1,1,1,1,1,1,0,0,0,0,0,1,0,0,0,1,0,0,0,0,1,0
10762634042,3,0,2,3,0,2,2,0,0,6,1,1,1,1,1,1,1,0,0,1,0,0,0,0,0,0,1,1,0,0,0,0,1,0
10762627527,3,1,0,1,0,1,2,0,0,5,1,1,1,0,1,1,1,1,0,0,0,0,0,0,1,0,0,1,0,0,0,0,1,0
10762614611,3,1,0,3,1,2,2,0,0,5,1,1,1,1,1,1,1,1,0,0,0,0,0,0,0,0,1,1,0,0,0,0,1,0
10762609906,4,1,1,3,0,1,2,0,0,5,1,1,1,1,1,1,1,0,1,0,0,0,0,0,0,0,1,1,0,0,0,0,0,1
10762591194,4,0,1,3,0,1,2,0,0,2,1,1,1,1,1,1,1,0,1,0,0,0,0,0,0,0,1,1,0,0,0,0,0,1
10762591101,4,0,2,3,1,2,2,0,0,6,1,1,1,1,1,1,1,0,0,1,0,0,0,0,0,0,1,1,0,0,0,0,0,1
10762587938,4,0,3,3,1,3,2,0,0,0,1,1,1,0,1,1,1,0,0,0,1,0,0,0,0,0,1,1,0,0,0,0,0,1
10762495599,4,0,2,2,0,3,1,2,0,0,1,1,1,0,0,0,0,0,0,1,0,0,0,0,0,1,0,0,1,0,0,0,0,1
10762482878,3,0,1,3,0,1,1,0,0,5,1,1,1,1,1,1,1,0,1,0,0,0,0,0,0,0,1,1,0,0,0,0,1,0
10762460442,4,0,1,3,0,2,2,0,1,0,1,1,1,0,0,0,0,0,1,0,0,0,0,0,0,0,1,1,0,0,0,0,0,1
10762457858,4,1,2,3,0,1,2,0,0,5,1,1,1,1,1,1,1,0,0,1,0,0,0,0,0,0,1,1,0,0,0,0,0,1
10762439967,3,0,2,3,0,3,2,0,0,0,1,1,1,0,0,0,0,0,0,1,0,0,0,0,0,0,1,1,0,0,0,0,1,0
10762369058,3,1,1,3,0,2,2,0,0,0,1,1,1,0,0,0,0,0,1,0,0,0,0,0,0,0,1,1,0,0,0,0,1,0
10762341434,2,1,2,3,0,2,2,1,0,0,1,1,1,0,0,0,0,0,0,1,0,0,0,0,0,0,1,0,1,0,0,1,0,0
